{
  "params": {
    "n_estimators": 150,
    "learning_rate": 0.011832319443982994,
    "num_leaves": 30,
    "max_depth": 9,
    "min_child_samples": 59,
    "reg_lambda": 0.05015571904089984,
    "reg_alpha": 0.0042838729254272,
    "colsample_bytree": 0.999477019512475,
    "subsample": 0.7907648358465573
  },
  "mean_cv_log_loss": 0.6345796242427294,
  "n_trials": 50,
  "n_features": 5,
  "n_train_rows": 2762,
  "cv_folds": 7
}