{
  "params": {
    "n_estimators": 250,
    "learning_rate": 0.016135453750433622,
    "num_leaves": 9,
    "max_depth": 10,
    "min_child_samples": 38,
    "reg_lambda": 0.4157965365406233,
    "reg_alpha": 4.196293781598798,
    "colsample_bytree": 0.7042243762586478,
    "subsample": 0.5524233989443942
  },
  "mean_cv_log_loss": 0.49014216280352163,
  "n_trials": 50,
  "n_features": 11,
  "n_train_rows": 1341,
  "cv_folds": 2
}