{
  "params": {
    "n_estimators": 400,
    "learning_rate": 0.012106428769463938,
    "num_leaves": 22,
    "max_depth": 10,
    "min_child_samples": 60,
    "reg_lambda": 5.081893564962852,
    "reg_alpha": 0.16973716658511714,
    "colsample_bytree": 0.5427896359782703,
    "subsample": 0.7724438276312142
  },
  "mean_cv_log_loss": 0.14543257277748753,
  "n_trials": 50,
  "n_features": 9,
  "n_train_rows": 3728,
  "cv_folds": 9
}