{
  "params": {
    "n_estimators": 800,
    "learning_rate": 0.052448712195780366,
    "num_leaves": 12,
    "max_depth": 3,
    "min_child_samples": 59,
    "reg_lambda": 1.1769044926591639,
    "reg_alpha": 3.9740880962356346,
    "colsample_bytree": 0.8120417635861826,
    "subsample": 0.5198998030385074
  },
  "mean_cv_log_loss": 0.07406833080788468,
  "n_trials": 50,
  "n_features": 9,
  "n_train_rows": 3728,
  "cv_folds": 9
}