{
  "params": {
    "n_estimators": 350,
    "learning_rate": 0.012053784856801553,
    "num_leaves": 23,
    "max_depth": 4,
    "min_child_samples": 44,
    "reg_lambda": 0.012059246782688021,
    "reg_alpha": 0.1232557164044067,
    "colsample_bytree": 0.5787253894167468,
    "subsample": 0.5292509029715978
  },
  "mean_cv_log_loss": 0.3346150715076013,
  "n_trials": 60,
  "n_features": 9,
  "n_train_rows": 3728,
  "cv_folds": 9
}