{
  "params": {
    "n_estimators": 550,
    "learning_rate": 0.010044882097965252,
    "num_leaves": 23,
    "max_depth": 5,
    "min_child_samples": 19,
    "reg_lambda": 0.17248776148881528,
    "reg_alpha": 0.0031275974570122264,
    "colsample_bytree": 0.6949628191602378,
    "subsample": 0.7284768088233625
  },
  "mean_cv_log_loss": 0.273081653386114,
  "n_trials": 50,
  "n_features": 8,
  "n_train_rows": 300,
  "cv_folds": 2
}