{
  "params": {
    "n_estimators": 550,
    "learning_rate": 0.02325951592241212,
    "num_leaves": 18,
    "max_depth": 7,
    "min_child_samples": 15,
    "reg_lambda": 8.105016126411584,
    "reg_alpha": 0.7365344466688368,
    "colsample_bytree": 0.9697494707820946,
    "subsample": 0.9474136752138245
  },
  "mean_cv_log_loss": 0.3404389192500443,
  "n_trials": 50,
  "n_features": 9,
  "n_train_rows": 300,
  "cv_folds": 2
}