{
  "metrics": {
    "log_loss": 0.40405263953358195,
    "brier": 0.11408525634799922,
    "accuracy_at_0.5": 0.8416666666666667,
    "positive_rate": 0.25,
    "n": 120,
    "label": "gbm_sprint_grid_top5",
    "ece": 0.07507393055462983
  },
  "feature_importance": {
    "driver_quali_gap_last_3": 630.0274501815438,
    "driver_quali_top10_rate_last_10": 1100.4576344760135,
    "driver_points_last_3": 291.1974073415622,
    "driver_points_last_5": 272.9308641522657,
    "driver_finish_last_3": 246.60046302061528,
    "driver_track_history": 230.41145011037588,
    "team_points_last_3": 737.1968458297779,
    "circuit_finish_std": 172.10300665348768,
    "circuit_grid_to_finish": 148.92029140144587
  }
}