{
  "metrics": {
    "log_loss": 0.18978641367296575,
    "brier": 0.05748718845362402,
    "accuracy_at_0.5": 0.9227557411273486,
    "positive_rate": 0.15031315240083507,
    "n": 479,
    "label": "gbm_race_podium",
    "ece": 0.02625966047627468
  },
  "feature_importance": {
    "grid_position": 26898.338694225997,
    "quali_gap_to_pole": 2840.2802153285593,
    "driver_points_last_3": 4919.6007995624095,
    "driver_points_last_5": 5583.325767450035,
    "driver_finish_last_3": 1909.705294801388,
    "driver_track_history": 854.2053107982501,
    "team_points_last_3": 9881.895159616135,
    "circuit_finish_std": 354.4641533717513,
    "circuit_grid_to_finish": 282.487407585606
  }
}