{
  "metrics": {
    "log_loss": 0.4833717178911301,
    "brier": 0.15803561776364086,
    "accuracy_at_0.5": 0.7661795407098121,
    "positive_rate": 0.5010438413361169,
    "n": 479,
    "label": "gbm_race_points",
    "ece": 0.035433745991711084
  },
  "feature_importance": {
    "grid_position": 16023.536306768656,
    "quali_gap_to_pole": 2216.795841693878,
    "driver_points_last_3": 2147.952274262905,
    "driver_points_last_5": 5786.291939374059,
    "driver_finish_last_3": 1691.5756478346884,
    "driver_track_history": 2106.139656163752,
    "team_points_last_3": 8646.906582202762,
    "circuit_finish_std": 1022.5566709581763,
    "circuit_grid_to_finish": 556.2070559933782,
    "regulation_era": 33.835971653461456
  }
}