{
  "metrics": {
    "log_loss": 0.5621360214374067,
    "brier": 0.15693772426893543,
    "accuracy_at_0.5": 0.8,
    "positive_rate": 0.4,
    "n": 120,
    "label": "gbm_sprint_points",
    "ece": 0.13462874276533265
  },
  "feature_importance": {
    "sprint_grid_position": 6791.6195866744965,
    "driver_points_last_3": 899.3708994035842,
    "driver_points_last_5": 2093.4565629227436,
    "driver_finish_last_3": 521.8267786987126,
    "driver_track_history": 653.4864594066748,
    "team_points_last_3": 2140.7913331664167,
    "circuit_finish_std": 203.53306107006938,
    "circuit_grid_to_finish": 367.45673953182995,
    "regulation_era": 0.0
  }
}