{
  "metrics": {
    "log_loss": 0.09062902654968015,
    "brier": 0.03027141860309173,
    "accuracy_at_0.5": 0.9519832985386222,
    "positive_rate": 0.05010438413361169,
    "n": 479,
    "label": "gbm_race_winner",
    "ece": 0.018363365880473947
  },
  "feature_importance": {
    "grid_position": 1669.6054873638786,
    "quali_gap_to_pole": 290.1479858527309,
    "driver_points_last_3": 705.7247331578837,
    "driver_points_last_5": 482.0559591962192,
    "driver_finish_last_3": 197.96131606644485,
    "driver_track_history": 172.83443133320517,
    "team_points_last_3": 728.3042734432966,
    "circuit_finish_std": 110.73531705349887,
    "circuit_grid_to_finish": 83.42312943462275
  }
}