{
  "metrics": {
    "log_loss": 0.5071370890056341,
    "brier": 0.16927584795190398,
    "accuracy_at_0.5": 0.7494780793319415,
    "positive_rate": 0.5010438413361169,
    "n": 479,
    "label": "gbm_quali_top10",
    "ece": 0.07036097272245039
  },
  "feature_importance": {
    "driver_quali_gap_last_3": 1146.8759691119194,
    "driver_quali_top10_rate_last_10": 2069.0177659094334,
    "fp_best_gap_to_fastest": 2381.114216506481,
    "fp_long_run_gap_to_fastest": 1248.941443234682,
    "driver_points_last_3": 834.1615434885025,
    "driver_points_last_5": 3597.930088043213,
    "driver_finish_last_3": 567.4816545695066,
    "driver_track_history": 850.5739020109177,
    "team_points_last_3": 2370.9924484938383,
    "circuit_finish_std": 443.15385165810585,
    "circuit_grid_to_finish": 366.36556792259216
  }
}