{
  "metrics": {
    "log_loss": 0.5791955944592376,
    "brier": 0.19768508518131747,
    "accuracy_at_0.5": 0.6882845188284519,
    "positive_rate": 0.5,
    "n": 478,
    "label": "gbm_h2h_beats_teammate",
    "ece": 0.051443864171752
  },
  "feature_importance": {
    "grid_vs_teammate": 10298.796745747328,
    "quali_gap_vs_teammate": 3848.4643012285233,
    "driver_points_last_5": 2323.5570409595966,
    "driver_finish_last_3": 2779.6381975226104,
    "driver_track_history": 2925.9491155184805
  }
}